,UserID
0,gennady.korotkevich
1,ACRush
2,rns4
3,kut_hgs1997
4,kutengine
5,progmatic
6,peehs_moorhsum
7,um_nik
8,tmwilliamlin
9,kut_hbi1998
10,ksun48
11,mugurelionut
12,rns5
13,white2302
14,ceilks
15,tmyklebu
16,alex_2oo8
17,ryodan
18,msm1993
19,hh_algos
20,dj3500
21,lhic
22,gorre_morre
23,gainullinildar
24,icecuber
25,waterfalls
26,he_____he
27,algmyr
28,endagorion
29,ccz181078
30,iafir
31,Fdg
32,hitonanode
33,aawisong
34,wrong_answer_1
35,liouzhou_101
36,vishal4556
37,mcubedev
38,hzhz
39,kgcstar
40,lg5293
41,jijiang
42,whzzt
43,EgorK
44,argos
45,rumblefool
46,wxh010910
47,sinus_070
48,aurinegro
49,howarli
50,rahuldugar
51,Oleg
52,isaf27
53,skyfire
54,lebron
55,krismaz
56,tadija_sebez
57,Ra16bit
58,b524
59,gvaibhav21
60,ilyakor
61,fsouza
62,lyrically
63,lych_cys
64,narri
65,andres96
66,x_o_r3
67,oilhun
68,jtnydv25
69,maroonrk
70,wmoise
71,hellkitsune
72,vivek_1998299
73,geothermal
74,errichto
75,min_25
76,wasa855
77,teapot
78,zhouyuchen
79,fataleagle
80,daniel_1999
81,anton_trygub
82,rns_cus
83,xellos0
84,ltst
85,sam__2
86,kevinsogo
87,mayaohua
88,thuustalu
89,xyz111
90,rajat1603
91,karolis_kusas
92,ecnerwala
93,rgb_icpc2
94,mcfx1
95,zemen
96,abdullah768
97,aviroop123
98,sg1729
99,lagoon_
100,y0105w49
101,nblt
102,oleg_b
103,dzhulgakov
104,samvel
105,Fcdkbear
106,austin990301
107,uwi
108,retrograd
109,ilnil__
110,fhlasek
111,kostroma
112,akash4983
113,xuanyi
114,d_en_ominator
115,watcher
116,scli
117,tasmeemreza
118,risujiroh
119,iwiwi
120,sumeet_varma
121,pwild
122,vitaha
123,swm_sxt
124,cjy2003
125,nyaan
126,kmcode
127,r_64
128,bela_mervado
129,run_timeterror
130,fmota
131,w86065256
132,arjan_bal
133,bciobanu
134,grebnesieh
135,wzf2000
136,samjia2000
137,farhod_farmon
138,chinmay0906
139,krijgertje
140,smelskiy
141,rns_kjch
142,anript
143,alipasha132
144,riadwaw
145,alei
146,mikhailOK
147,step_by_step
148,supersri_pro
149,chemthan
150,zhouyuyang
151,lboris
152,hitman623
153,morass
154,KADR
155,wrinx
156,kmaaszraa
157,wangyisong1996
158,tusg25
159,flowerofsorrow
160,galencolin
161,alexander86
162,evil999man
163,dhirajfx3
164,jiangshibiao
165,acraider
166,fjzzq2002
167,briansu
168,usaxena95
169,tqian
170,mmaxio
171,yash_chandnani
172,rushcheyo
173,rxdoi
174,ivan100sic
175,odule
176,toloraia
177,robezh765
178,xllend3
179,laofu
180,peltorator
181,pedy4000
182,anshugarg12
183,shubham__12
184,mmartowicz
185,markysha
186,rainboy
187,atomicenergy
188,abhikalpu_123
189,anachor
190,natsugiri
191,savacska
192,figfig
193,afaxnraner
194,arpa
195,dcxdcx
196,yutaka1999
197,ashishgup
198,ania7
199,andrei1998
200,mister
201,potoooooooo
202,mathalex
203,jiry_2
204,mnbvmar
205,dance_of_faith
206,rns6
207,bigmuzzy
208,torimal
209,w0nsh
210,tonynater
211,n00b_learning
212,raveman
213,stonefeang
214,vladprog
215,motarack
216,rivalq
217,aniket_sanghi
218,sugim48
219,jakenu0x5e
220,spar5h
221,tute7627
222,rqgao2014
223,fullpower
224,mgch
225,zhongzihao
226,arunnsit
227,peacemaro
228,code_note
229,phben
230,busamate
231,mamedov
232,andersk
233,kfdong
234,xam_
235,nikasvanidze
236,kevin00036
237,evpipis
238,agent46
239,qwerqwerqwer
240,rian_tkb
241,enem
242,mipletsplay
243,beet
244,praran26
245,sfiction
246,dukkha
247,cheng2014
248,kshitij_789
249,cesc_folch
250,shadowatyy
251,mappinator
252,rzepa
253,davidg
254,peti1234
255,stzgd
256,tibip
257,jtjl
258,worldwided
259,rpkooter
260,regex0754
261,gomelfk
262,kazuma
263,tlatoani
264,sadhwaniyash6
265,lolololololol
266,schtomi97
267,yenthanh132
268,zeulb
269,nikitosh
270,carre
271,hate_walkin
272,cyani
273,ffao
274,shef
275,kefaa
276,notimesea
277,bobafett
278,bhavy_jain
279,wpooh
280,izban
281,c1_6
282,marckess
283,kostya_by
284,adkroxx
285,kazi_nayeem
286,ziki
287,vulpes
288,sdssudhu
289,alan_cty
290,kamranmaharov
291,hl666
292,forest
293,niakthewizard
294,nuip
295,c_38
296,meooow
297,deva2802
298,mohammed200218
299,bhj2001
300,nonetp
301,foreverlasting
302,adalbert
303,kr_abhinav
304,visanr
305,farbody
306,zcwwzdjn
307,philipsweng
308,tomasf
309,mrbrionix
310,yancouto
311,ushsh
312,flashmt
313,kal013
314,grice1
315,vsp4
316,lodb1380
317,manan_master
318,gauravsultane
319,mustafa1sms2_3
320,anton_lunyov
321,artem_rakhov
322,yeputons
323,avolchek
324,adhyyan1252
325,theabd1234
326,satyaki3794
327,aniket9465
328,zcc598066456
329,palayutm
330,ll931110
331,nots0fast
332,mayukuner
333,nqiiii
334,yfzcsc
335,lexuanan
336,rt_shah
337,xiper
338,heart_blue
339,abhirup17
340,ballon_ziq
341,benmirt
342,thanglong
343,mrho888
344,mateocv
345,balajiganapath
346,azneye
347,gojira
348,tangentday
349,xorfire
350,djdolls
351,mrkerim
352,atetubou
353,rdraft
354,nanoalpaca
355,ankesh18
356,bohdan
357,matar
358,pavel
359,fleimgruber
360,orbaz
361,saketh_are
362,kesh4281
363,ronniechonev
364,weapons19
365,hehaodele
366,radoslav192
367,mbrc
368,chaemon
369,physics0523
370,hemant1729
371,rankalee
372,johnathan79717
373,xuanyiming
374,laycurse
375,knightl
376,tsreaper
377,rv_619
378,hold_on
379,explodingfrz
380,wallbreaker4
381,souradeep1999
382,megatron10
383,ggawryal
384,pro_noobie
385,abhinav4047
386,nims11
387,mysteryname
388,mateusz95
389,saharshluthra
390,Gassa
391,blake_786
392,ei_captain
393,aid_
394,dgc9715
395,knandy
396,emkjp
397,darkkcyan
398,demoralizer
399,anta0
400,rubabredwan
401,wmyw96
402,anand20
403,m0nk3ydluffy
404,aryanc403
405,yousef
406,ptnk131627
407,llaki10
408,triplem5ds
409,gerald
410,nishant403
411,naveen_iitr
412,crazy_cloud
413,mohanr
414,azizkhan
415,sd0061
416,mathmaniac
417,neo1tech9_7
418,alishahali1382
419,almogwald
420,bharathg
421,lanfeust
422,aditya1495
423,akshat_jain
424,rahul_g
425,thanglegons
426,imranasuman
427,vishalm2017
428,d_shekhar
429,akatorihasi180
430,peti25
431,bluedawnstar
432,demon1999
433,aneesh2312
434,bigbag
435,leminhquang
436,ultimate01
437,loopfree
438,oml1111
439,caobao_
440,archazey
441,espr1t
442,abcdef6199
443,aditya1701
444,ldxoi
445,utsav_rajpara
446,shivamtanay
447,freeloop
448,amischenko
449,dhruv1998
450,micgor
451,minato2376
452,maesterr
453,gupta_nitesh
454,sy2006
455,fancycoder
456,kunyavskiy
457,xhm154
458,tapasjain01
459,lexman
460,allllekssssa
461,xuzhiyuan
462,ashiq100
463,elac
464,kira_1234
465,kaspers
466,vartem
467,anudeep2011
468,pulkit365
469,forgotter
470,hans1801
471,atharva_sarage
472,alisfr32
473,serotonin
474,vax3
475,thocevar
476,noopers
477,animesh_f
478,shiratty8
479,ctlin04
480,kuroni
481,mh755628
482,viv001
483,wodahs_cc
484,rantd
485,slycelote
486,anoxx_23
487,jatana
488,shayadtumgalat
489,harshkirat
490,vincentsilenus
491,vntshh
492,oipotato
493,yogahmad27
494,vatsal1998
495,pmnox
496,a_nonymous1999
497,creatnx
498,shapo
499,ankurdua15
500,blgdmbrl
501,born2rule
502,sanyamg123
503,av221
504,edenooo
505,yash_daga
506,kalptaru_123
507,batzaya
508,nasardenga
509,kirika_comp
510,aditya09
511,cenadar
512,not_abhishek
513,akee
514,akim239
515,ankit1s10_3
516,aman3456789
517,climbit
518,johntitor
519,shisui24
520,mathecodician
521,codingsince19
522,ikatanic
523,socho
524,choudhary463
525,imxlr8
526,arsijo
527,samuelfgs96
528,wucebrayne
529,federico_s
530,venom246800
531,znirzejskwarka
532,cezarnik
533,pk301
534,qdkac
535,vfleaking
536,madiyar
537,petr
538,lomzom
539,abc_1998
540,zhouzhendong
541,xyr2005
542,bigcat11111
543,sansaqua
544,tamo11
545,kuticpcer
546,gs14004
547,iscsi
548,soda_beta
549,daniel060896
550,ardavel
551,a_new_id
552,v_haralampiev
553,anandveeramani
554,nihalpi1
555,bomi
556,tanuj_khattar
557,code_blast
558,bench0310
559,hy15
560,bolekk
561,nitishk24
562,qwerty787788
563,sarthakmanna
564,akim
565,amitgomi
566,ucntstopme
567,gaddopur
568,adityam93
569,xcwgf666
570,arjun8115
571,aquariuslee99
572,fsshakkhor
573,tejas_919
574,gullesnuffs
575,kokil87
576,raja1999
577,nika_b
578,samarth491
579,diegohdmgz
580,dextrous
581,saboon
582,code_prac
583,cg_lite
584,bazsi700
585,nirjhor
586,arjundabra
587,himkha_100
588,srinivas1999
589,avijit_agarwal
590,yubowenok
591,chiraggenius
592,likecs
593,dragneel3131
594,poikniok
595,rathi_22
596,jaydeep999997
597,mefarnis
598,cheissmart
599,lk_zeromaker
600,latte0119
601,rudradevbasak
602,semsoft
603,yp155136
604,arterm
605,autumn_eel
606,chpipis
607,azukun
608,dario2994
609,kp_26
610,dinesh_12345
611,html_sanek
612,kboitmanis
613,nonsequitur
614,yehezkiel
615,arnabsamanta
616,vodkain_thejar
617,iit_bhu
618,linkin
619,tyamgin
620,helthazar
621,razimantv
622,VUAcoder
623,harrypotter192
624,naman_1
625,pratyush1019
626,avi892nash
627,sachin_4099
628,aditi060303
629,vsriram10
630,utkarsh028
631,iman_gh
632,tudi98
633,rhymastic
634,prateeksharma7
635,jyf111
636,teja349
637,pikmike
638,striver_79
639,satashun
640,kanish_anand
641,felix
642,nitix
643,daltao
644,i_am_what_i_am
645,jackthekid
646,vlad10795
647,sokian
648,coder_pulkit_c
649,mohamedahmed04
650,yerzhanu
651,dimke
652,mihil2701
653,pruthvi_raju
654,anubhavdhar
655,rath772k
656,fly_37
657,dancho
658,debrup
659,iceknight1093
660,andrew1234
661,qwertyu1234
662,andrey_efremov
663,petukhovsky
664,priyesh1998
665,namn_namnsson
666,bthero
667,robertvazan
668,divanshu
669,architk
670,sganda
671,aniket20
672,amoghk
673,bittudalal
674,kut_kjb
675,abhilekh041992
676,chasr
677,anshulsaraf
678,judge
679,kevinwan
680,vlecomte
681,a1a99_3
682,meashish
683,shizhouxing
684,sune2
685,alexfetisov
686,sajib_readd
687,rashish2202
688,white_king
689,tashiqi
690,utkarsh_25dec
691,aidyn12
692,shubham_bits
693,rishabh7699
694,mohammadh915
695,raushan303
696,joe2001
697,hemanth_1
698,lsmll
699,upobir
700,wabe
701,xarr0007
702,kaban5
703,neeleshsinha1
704,hshs595
705,viplaw
706,eledven
707,Krig
708,rowdark
709,pekempey
710,sajalsouravs
711,xariniov9
712,verngutz
713,xenon_shivam
714,sftperson
715,vippu95
716,kut_boy1995
717,ngkan146
718,ashu1461
719,nidzulandz
720,noureldin
721,vlad3108
722,simratbir4
723,gokul_raj
724,nestedcode
725,kg05kg05_05
726,al3ks1002
727,khatribru
728,tanmay273
729,dvulakh
730,fcb1234
731,zhongjq
732,beginner_214
733,prakhariitd
734,neeraj745
735,abisheka
736,imanik
737,patwari26
738,gustav
739,hex539
740,na2a
741,nmalviya1929
742,apia
743,indrajit1
744,swapnil07
745,tima
746,naruto1uzumaki
747,cmd
748,saurabh_dtu
749,captain1337
750,kunaltawatia
751,nagrar0k
752,rohit_goyal
753,serk
754,demidenko
755,num314
756,logico
757,megamind0_0
758,thezodiac1994
759,gacontapta
760,erek1e
761,meteora
762,logicmachine
763,durt
764,abhishek944
765,naman_18_jain
766,geekpradd
767,ap_hawkdown
768,mmmb80
769,chaous
770,homo_sapiens
771,rutvik28
772,huzaifa242
773,sdnr1
774,vicennial
775,sarwar786
776,wreckingball
777,valerikk
778,davi_bart
779,ujju_123
780,kix6
781,pugachag
782,sna902055
783,mishraiiit
784,whynotme
785,harsh_kumar99
786,nishant_coder
787,rareone0602
788,rohannn
789,avijeet_420
790,zimpha
791,kolina
792,sunriser1304
793,shivam duggal
794,rameshaggarwal
795,ashutosh450
796,sachinsahoo11
797,rahulmysuru7
798,bansalraghav19
799,daizhenyang
800,ppakalns
801,abcdef1221
802,vaibhavvg
803,ei1333
804,tungtran
805,anh1l1ator
806,gear4
807,hiwang123
808,dqhdl
809,fsociety00
810,rajdetroja
811,bhagwa_brigade
812,dytriangle
813,toolate123
814,inov_360
815,hrsh_panwar
816,floatingfowl
817,vinod10
818,dtalamas24
819,fattypenguin
820,noxwell
821,famafka
822,hychyc
823,deadred
824,udbhav99
825,anmoliiitd
826,harshkumar01
827,buko
828,lifecodemohit
829,vishfrnds
830,spnautilus
831,sonu_verma1
832,filyan
833,negativeb
834,dev127
835,zetapi
836,abhi2402
837,tanishqg5325
838,vok_8
839,divyankgoyal
840,rsajith
841,chiraag3200
842,olmho
843,transcompany
844,kbyrjkmy
845,khaustov
846,deepanshuvaid7
847,snitin315
848,hari32147
849,spj_29
850,avm_
851,rishabhdevil
852,darkstar1122
853,mixsx
854,dhh1995
855,h_vladi
856,jains8844
857,chayan1
858,klinchuh
859,geeky
860,muravjev_slava
861,osama2003
862,hackerwizard
863,marcosk
864,gvakul123
865,vagab0nd
866,arshiadadras
867,karpovich
868,mdhivagar18
869,vaibhavch1006
870,jenish_9599
871,himanshujaju
872,zanoes
873,allanur_tkm
874,sas4eka
875,victorforbes
876,biginnnner
877,coolreshab
878,dqhungdl
879,check1234
880,noob77777
881,debug_entity_x
882,alina_alina
883,ducpro
884,dsgsjk
885,melfice
886,ashmelev
887,sankear
888,evgentu
889,nurbakhyt
890,taasans123
891,codemaster3840
892,sam7007
893,vamsikrishna_3
894,ankit_iit
895,maverick16
896,ssj5_aaryan
897,ufozgg
898,yts1999
899,zerokugi
900,harshkrraj
901,paruki
902,mamu
903,darry140
904,bidhan_roy
905,veerajskhokale
906,yranka309
907,lost_boy2001
908,hitch_hiker42
909,cvonder
910,cool_pg
911,enigma27
912,zoomswk
913,dvyn01
914,tariqiitju
915,furious__
916,hiren_vaghela
917,anupam_14
918,sgrover722
919,arsh_16
920,neal
921,kunj017
922,sharath1999
923,tarushgoyal
924,thunderking
925,taube
926,giorgosgiapis
927,tieunhi
928,mr_nastik
929,swapnil159
930,harshhx17
931,lutyj
932,vmrajas
933,shinigami_ryuk
934,martynas
935,ivan_metelsky
936,rezwanarefin01
937,deepdsavani
938,shivensinha4
939,adibov
940,geekas
941,aatrey07
942,m_17
943,winger
944,torque
945,emarci15
946,sxie12
947,ars2117
948,shado_w
949,thang040602
950,subash23
951,s_h_shahin
952,btk15049
953,win_ay
954,codefor6768
955,himalayancoder
956,adityaghosh996
957,doltferns
958,dart_xeyter
959,smackthat99
960,false_shepherd
961,mario15
962,the_phoenixx
963,equlnox
964,sfialok98
965,vivek_zi
966,venuswitharms
967,fahrbach
968,pulkitsinghal
969,vishusachdeva
970,rachitiitr
971,code_hard123
972,z0rr0
973,euler_euler
974,mehrdad_sohrab
975,sahil4321
976,samag_1996
977,swetankmodi
978,mikaeel
979,abhayps
980,nikesh48
981,nvdrag_123
982,fanache99
983,kessido
984,andriy77
985,codeextractor
986,gaurav_8
987,kusanagi
988,sanchit1999
989,bufftowel
990,aryansanghi
991,mastermind101
992,orange_3
993,teja_cd
994,mrdindows
995,pperm
996,harshraj22
997,insert_cool_ha
998,aryan_2002
999,tatadule
1000,manavj7
1001,guruji
1002,tanzaku
1003,viv_nitp
1004,kingofnumbers
1005,jcvb
1006,cjoa
1007,nsit_coder
1008,shamimjucse
1009,osmanorhan
1010,vikky_codder
1011,rachit_26_08
1012,k1r1ch
1013,arpit0891
1014,manoj_vajpeyi
1015,sidhant007
1016,dhruval161
1017,matir
1018,jus_a_noob
1019,aakash140799
1020,v1ncent
1021,guptasarthakg
1022,artsin6
1023,vegann
1024,vishalkumarsom
1025,fruwajacybyk
1026,pluristiq
1027,arthurcf
1028,failed_coder
1029,hafiz_00
1030,codelover_ug
1031,ajaybgunjal199
1032,aditya_sheth
1033,sonechko
1034,sudipandatta
1035,ashishthecoder
1036,ultrac
1037,azvezda
1038,pr_0202
1039,imranziad
1040,darkstar1863
1041,ka4tik
1042,math
1043,niyaznigmatul
1044,vagesh_verma
1045,lichenkoh
1046,deep0201
1047,r_ajan
1048,sh2018331053
1049,iron_specter
1050,abhaygarg
1051,coderaditya
1052,rivudas
1053,manchery
1054,shuxxkk
1055,saeed_odak
1056,shefin
1057,arghya_007
1058,re6044
1059,abhishek_1997
1060,sarkysaurabh
1061,iavanish
1062,oreo_85
1063,zacker_0123
1064,kung_fu_panda
1065,jupiro
1066,samarthtandon
1067,megabidoof
1068,s_65
1069,j3d1
1070,heyshb
1071,muskan_garg
1072,jyoti851999
1073,apoorv_kulsh
1074,amaneureka
1075,pulkit
1076,vaibhavbahl
1077,wwwwodddd
1078,harshit1729
1079,fthiesen
1080,thai9cdb
1081,puff_puff_pass
1082,uhini0215
1083,pragrame
1084,dracowane
1085,usquare
1086,shravanpatel5
1087,kut_pcj1995
1088,toonewbie
1089,scipy
1090,ultra_vegito
1091,sakt_coder
1092,surajpatil_98
1093,f20180102g
1094,yako
1095,dontquit
1096,sarthak_jain_1
1097,mn619
1098,itisalways42
1099,antoniuk1
1100,mathman
1101,nekosyndrome
1102,dev_aar100
1103,tungphung
1104,yongwhan
1105,gediminasel
1106,just_code21
1107,aropan
1108,sarthak1220
1109,subhamlfc
1110,adancito
1111,nitin_98
1112,dtc03012
1113,akashramjyothi
1114,rajath_pai
1115,wild4stone
1116,chaos_
1117,moririn2528
1118,sachin208
1119,dwarkmatter
1120,aakashrockstar
1121,garyclay08
1122,shanu_im
1123,maxwell_008
1124,nitish2297
1125,nilesh2797
1126,xuzijian629
1127,alpha16
1128,akj0811
1129,monsterrr
1130,manujg
1131,goodguru
1132,ab_iamthebest
1133,skylee
1134,sexoffender
1135,dheer12
1136,ychhabra60
1137,ambesh
1138,brayand
1139,jeel_vaishnav
1140,honour_00
1141,karansiwach360
1142,shikharid
1143,yash_mittal
1144,rtilikay
1145,anuj05
1146,maxhflow
1147,vivekuchiha
1148,mexomerf
1149,phantom654
1150,chef_lsn
1151,dhruvil_s_16
1152,conan_0
1153,oblivion_7
1154,na1taneja2821
1155,tinchy_stryder
1156,nibnalin
1157,suvro_coder
1158,ujjawalpabreja
1159,darklight13
1160,wild_hamster
1161,anveshi
1162,tornike4
1163,jevi
1164,sparik
1165,kkoder_1729
1166,psychik
1167,janchomath
1168,zabick
1169,igzou
1170,sanchit_h
1171,jiangyoua
1172,utkalsinha
1173,rajdeep2001
1174,emiya_007
1175,felerius
1176,sgbtech96
1177,himadri765
1178,vprylepskyi
1179,kkt89
1180,rahul_107
1181,apaar_kamal
1182,neverauskas
1183,eddy1021
1184,aagii_98
1185,shu987
1186,pieguy
1187,aayush9
1188,gkashish
1189,anmol137dh08
1190,gpa79
1191,aayushkapadia
1192,abhineet14
1193,arjitkansal
1194,jrishabh99
1195,kkdrummer
1196,solaris3
1197,massimodong
1198,orzzgg
1199,starcuriosity
1200,akram_32
1201,alphaq2
1202,nitinsingh_945
1203,miitbh1
1204,al13n
1205,noor148
1206,deep9539
1207,pranavarora
1208,bogdanmarin69
1209,mauricioc
1210,witman
1211,mzuev
1212,devasnh
1213,jeezus
1214,pseudocoder10
1215,megaowier
1216,asfd221
1217,aman_rwt
1218,toxichack_99
1219,vivek_4540
1220,martins_
1221,codeingerman
1222,sudeep9167
1223,ghost_zen
1224,rahulb1999
1225,sultanofswing
1226,ketanhwr
1227,tehnar
1228,vmg27
1229,shivam0891
1230,acmonster
1231,pynhp9x
1232,j_s_r_r806
1233,diptayan
1234,falcon_7
1235,gaurav_gehlot
1236,paramsingh
1237,myselfmanish
1238,Astein
1239,wudired
1240,gokusupersaiyn
1241,zscoder
1242,punchit
1243,anuragsingh804
1244,suah0205
1245,kkothuri
1246,kps_19101997
1247,smartnj
1248,amansoni1996
1249,anector
1250,cjtoribio
1251,zeusr31
1252,lokesh58
1253,tanuj208
1254,vladamg98
1255,elmanco
1256,aggu_01000101
1257,the__eagle
1258,pg19051196
1259,ainu7
1260,uditgulati0
1261,sealedtime
1262,philidor
1263,siddhant22
1264,shourov_sust
1265,roll_no_1
1266,yash530
1267,gupta_adarsh
1268,ayan_079
1269,mittal21
1270,acyume
1271,gandook
1272,sanja
1273,da_201501443
1274,ptntialunrlsd
1275,rushi11111
1276,fatal_destiny
1277,kcalm062
1278,archit2000
1279,viciouscoder
1280,chiggy11091995
1281,codeswa_21
1282,hnustwzh
1283,tommyr7
1284,ashish2000
1285,milmillin
1286,lavish315
1287,tomato_liu
1288,hala_tea
1289,bedo_sayed
1290,mysteryguy
1291,hungt1
1292,sereja
1293,brunoja
1294,yurilover172
1295,xolm
1296,starboy_jb
1297,jt_112
1298,prerak872
1299,user_not_found
1300,utkarsh911
1301,torque_459
1302,fpeterfalvi
1303,yashgarg2107
1304,saurav_1234321
1305,heisenberg2000
1306,naruna
1307,sd42vqa5
1308,mohan_abhyas
1309,tyomar
1310,kush_s
1311,vytenis
1312,smitpatel1010
1313,munghatekartik
1314,munch_01
1315,taran_1407
1316,n_knuu
1317,nightmare05
1318,captain_16
1319,satyajeet104
1320,pinkrabbit
1321,kudi19
1322,zaneyu
1323,smitmangukiya
1324,ssjgz
1325,ankurkayal
1326,shyam_456
1327,xing89qs
1328,riatre
1329,vasu0403
1330,subscriber
1331,shdut
1332,kalpitk
1333,suri429
1334,nik_y
1335,kuwal786
1336,jnarutoj
1337,rajarshi_basu
1338,shivamg_isc
1339,maharshi95
1340,ztxz16
1341,cssystem
1342,raveesh26
1343,coder__a
1344,sidthe1
1345,harshmmodi
1346,morojenoe
1347,chiragjn
1348,vivekkumar1595
1349,vibhorgoyal97
1350,bhavyashah98
1351,savi98
1352,roronoa25
1353,raghavjha3311
1354,lucina101
1355,domiko
1356,samareqbal
1357,psaini72
1358,xsamsara
1359,harshits2808
1360,evilbuggy
1361,rohithill
1362,wounded_wolf
1363,coolrishabh_7
1364,hld67890
1365,sjshohag
1366,starkboy1
1367,bry_rp
1368,ritul_kr_singh
1369,balrams
1370,harshakunchala
1371,skywarrior
1372,rohitpratap311
1373,tsu_
1374,hamzqq9
1375,sharatiitr
1376,ajayhayageeve
1377,nic6200
1378,modi_nitin13
1379,plumrain
1380,kauts_kanu
1381,kenny_horror
1382,ajkrish95
1383,savish
1384,tautsjasiunsas
1385,tranxuanbach
1386,itachi___
1387,yyellowflashh
1388,short_contest
1389,catchharsh
1390,arcturus
1391,shaanknight
1392,harhro94
1393,shovonshovo
1394,sacheendra9044
1395,ismagilov
1396,ph7_
1397,killjee
1398,utaha
1399,kishen1912000
1400,ritick
1401,ag73
1402,yash_infiloop
1403,nik1998
1404,jianzhi
1405,spaanse
1406,mirosuaf
1407,manujain
1408,thunderbird001
1409,savaliya_vivek
1410,samarth2017
1411,walragatver
1412,sharmajatin741
1413,shikhar7s
1414,akshitm16
1415,universee
1416,lamnhh
1417,nano_ape
1418,aakashgupta_96
1419,mahmoud_saied
1420,kut_ksi1996
1421,stolis
1422,pratibha21
1423,akash_ramj
1424,lympanda
1425,a7i7
1426,abhinav92003
1427,zxr960115
1428,kuzmichev_dima
1429,danielf
1430,mradul12
1431,prateek2112
1432,cubercoder
1433,byomkeshbakshy
1434,illidan
1435,sumgytukmyhndl
1436,rohitstm4
1437,divakar_tomar
1438,bohuss
1439,ripulvohra8
1440,iki_1
1441,arushngpl16
1442,vaib077
1443,drp_chem
1444,ricardo_milos
1445,shubham_279
1446,mikester
1447,abhi1agarwal
1448,mayankkhetan
1449,shoom
1450,irina
1451,ogiekako
1452,function348
1453,osmanys
1454,odesseiron
1455,geckods
1456,seventree
1457,shashank_vasu
1458,nothing_12
1459,nik_storm_2010
1460,irshsay321
1461,lzl65826
1462,rishigurjar
1463,scopeinfinity
1464,tejas10p
1465,rishant_m
1466,malice66
1467,codezera07
1468,pradiptabora
1469,machone
1470,shiny_diamond
1471,jo3kerr
1472,hp1999
1473,deepak022
1474,aloochaat1998
1475,imxian
1476,beroul
1477,vishvesh
1478,hrishikesh123
1479,duxserbia
1480,scipianus
1481,naoya_t
1482,ragnar_7
1483,nik1234
1484,smithinsu
1485,amitrc17
1486,ganeshk2
1487,victorwonder
1488,abhisheksaini1
1489,infyy
1490,kartik8800
1491,scarlets
1492,inder128
1493,l_lawliet2001
1494,nafis
1495,mrip
1496,zld3794955
1497,ujjwal9895
1498,ra07
1499,deretin
1500,nurlashko_cc
1501,hawck
1502,chn_jz
1503,karan_123_l
1504,dalgerok
1505,gupta_paras
1506,patch_adams
1507,sunil5798
1508,wleung_bvg
1509,adinesh
1510,jay_1048576
1511,ujju_sucks2
1512,mayanks_07
1513,mahbubcseju
1514,nnandi
1515,darkhorse65
1516,shubham107
1517,vaibhav138
1518,vipin_bhardwaj
1519,gvshukla321
1520,heavenhunter
1521,kaizero
1522,dsjong
1523,practiceboy
1524,no_excuses
1525,harshil21
1526,kyuridenamida
1527,lordshiva1996
1528,lili123
1529,paulomiranda98
1530,k_k_s
1531,under_rated
1532,simplex_au
1533,asddsa
1534,fragusbot
1535,msaska9
1536,napster202
1537,jam1729
1538,manas_gupta
1539,ahmedabdellah
1540,prakashs99
1541,parthkohli
1542,jainsiddhartha
1543,iftekhar_hakim
1544,saurav555
1545,parmjeet5
1546,retarded_ape
1547,sahil91
1548,mohdasad
1549,elgun1999
1550,n2n_
1551,rapte
1552,drastogi21
1553,ltl_td
1554,ashishanjan1
1555,anony9906
1556,aryan_luffy
1557,vastolorde95
1558,samjay
1559,sumitsinghnit
1560,tlvm
1561,doncic
1562,punitnamdeo
1563,errorgorn
1564,topnotch231
1565,tmatheena
1566,ashu12_chi
1567,scope01
1568,loppa
1569,yogi10
1570,ondrejhubsch
1571,theoneyouwant
1572,khaled_sliti
1573,vincode
1574,suri_kumkaran
1575,sawarnik123
1576,luncasuvictor
1577,shahbaz
1578,code_master01
1579,anuraganand
1580,tyg3r
1581,myar2
1582,madhav_1999
1583,sardhara_preet
1584,ashish_rrs
1585,csb_1085
1586,extasy
1587,thelethalcode
1588,vito_39
1589,arknave
1590,mihaibunget
1591,howarddddss
1592,esolang_coder
1593,ec2496
1594,satylogin
1595,zhuohan123
1596,pgmpablo157321
1597,sandipan789
1598,makacha
1599,mnaveenkumar20
1600,stoundmire
1601,stimim
1602,shivam_g1470
1603,saurav421
1604,nirock123
1605,sagargupta___
1606,dojiboy9
1607,leloy
1608,baz__
1609,mohit1098
1610,chauhan176
1611,shubhammitt
1612,alphatron99
1613,rsd511
1614,shreya285
1615,avmnusng
1616,jdmetz
1617,anjn98
1618,anubhav_7
1619,harshit_narula
1620,algo_generator
1621,nantf
1622,mafia99
1623,tahsin_protik
1624,avinashkartik
1625,akshay_1
1626,gohan95
1627,dhruvchandhok
1628,deepankarak
1629,root8950
1630,aditya_2211
1631,batu
1632,dhanna89
1633,shaheen_bd
1634,binon
1635,vivace_jr
1636,kucingimba
1637,s___a
1638,djiang
1639,parsa_mobed
1640,kostia244
1641,aryanbidani
1642,neil_veira
1643,birdofprey
1644,sidhantgoyal
1645,namesake
1646,crosscheese
1647,thaliah
1648,avneesh111995
1649,nishkarshl
1650,barenuz
1651,icpc_finalist
1652,acube
1653,mlz000
1654,njrafi
1655,sanjay_thiru
1656,salman_1
1657,seva_b
1658,rchinmay
1659,nihal77
1660,nishitsharma03
1661,asadullo
1662,rahul_iit
1663,tanay1998
1664,dragonslayerx
1665,manish05
1666,karan173
1667,syco
1668,aaijmrt
1669,arkanath
1670,suicune
1671,hec12
1672,i_dont_care
1673,dhrumil140396
1674,boochman
1675,prgobet
1676,praneethiitr
1677,xuanquang1999
1678,manishtanwar
1679,avivilla
1680,srijan123j
1681,mcb_1220
1682,gigaliths
1683,shango9947
1684,white__walker
1685,kenechi
1686,amiy2908
1687,mouryasatyam
1688,last_fake
1689,scheffeli
1690,fastred
1691,matesv13
1692,trijeet
1693,yxuanwkeith
1694,con_nha_ngheo
1695,tanmayc25
1696,nikola12345
1697,dhruv23101998
1698,ugly2333
1699,acchathikache
1700,gaurav167
1701,sam12346578
1702,xzz_233
1703,elliptic
1704,sanae
1705,lihao888
1706,sicario001
1707,qpwoeirut
1708,roshan_08
1709,abhijeet8901
1710,catastrophic25
1711,rohit_1402
1712,verma_ankit484
1713,egoista
1714,yylidiw
1715,abhishek_8
1716,euler1
1717,dishant_18
1718,solaimanope
1719,subhadeep_nit
1720,rkr_725
1721,harshilbhavsar
1722,mohittkkumar
1723,krikti
1724,abhishhh1
1725,hmishra2250
1726,black_well
1727,sansirowaltz
1728,cyon
1729,daidailanlan
1730,vinay guthal
1731,raiden11
1732,tehlka
1733,rishab_nahar
1734,ramayana_fan
1735,kushagrapandey
1736,mksiyak
1737,liuminghua
1738,evima
1739,saketdingliwal
1740,adi28galaxyak
1741,shreyansh_coder
1742,yash64
1743,heathcliff
1744,sas1905
1745,tlekbay
1746,nagpaljatin141
1747,devil_itself
1748,sl170030673
1749,thidailoc
1750,rdpk
1751,drazil1234
1752,pushkar12
1753,rohityadav175
1754,sudhan247
1755,geometrix_123
1756,chinmaykarnik
1757,uneune_boy
1758,aaditya787
1759,biswas8927
1760,nicpe92
1761,lonerunner
1762,vedaytas
1763,alladdin
1764,stefanbalaz2
1765,john_smith_3
1766,oliverwayne
1767,greenhorn643
1768,nikhilag2711
1769,anirudh_achal
1770,sakhiya07
1771,mai_mc_hu
1772,norrius
1773,haha_akash
1774,pedrosorio
1775,riad
1776,sumeet_24
1777,avi224
1778,sloppy_nerd
1779,lm10_piyush
1780,dsar007
1781,vineetpaliwal
1782,sandyeep
1783,ratulghatak
1784,pkacprzak
1785,abhay26
1786,nitinj
1787,titash_das
1788,spiromanul
1789,rishabhtwr07
1790,code_kika
1791,akki744
1792,silversoul
1793,batrr
1794,teamcaproxx
1795,priyansh19077
1796,short0circuit
1797,parmjeet_singh
1798,o7b4a71017h
1799,depressed_code
1800,itu_
1801,axel_81
1802,qwaker00
1803,proscriptus
1804,fr0benius
1805,dimash241
1806,kazuki_hoshino
1807,sorahisa
1808,sagnik98
1809,omega_square
1810,p1p13
1811,miteshag
1812,yuricardoso
1813,orange7
1814,sarthakkapoor7
1815,jinish
1816,p_unit
1817,baleen_whale
1818,ac1go
1819,szhlg
1820,nishantns19
1821,tech_mint0013
1822,markellonchik
1823,tanzir5
1824,abhi_1595
1825,yoones_rezaei
1826,vishakhabanka
1827,ahasan_1999
1828,angad11121
1829,nidanshu
1830,mehtaji
1831,quartermelon
1832,mufaddalnaya
1833,crazyananas
1834,pankajsharma1
1835,jiangly
1836,ritikjaiswal19
1837,ashishbrt
1838,akshay125
1839,maksay
1840,kriateive
1841,shivam1729
1842,subham_75
1843,prateek1996
1844,rjmquinto
1845,shubh_gupta_
1846,stark_arya
1847,shivamdubey
1848,saatwik27
1849,yusufs
1850,mjbpl
1851,jj_codxxx
1852,n1k1_tos1_na
1853,stephenvincent
1854,atkurianeesh17
1855,j_sprw
1856,wo__
1857,shubhamgarg1
1858,mrolympia
1859,krecik1334
1860,khaled1kee3
1861,dzy493941464
1862,bogdan10bos
1863,yashkumar18
1864,komiya
1865,xscape
1866,gjaiswal108
1867,sakits
1868,black_grape
1869,kaush97
1870,paras128
1871,gurdeep1810
1872,ghoul_zain
1873,mystic_ankush
1874,alexa2001
1875,crash_test
1876,iamnotgood
1877,shakil17
1878,akash_sharma01
1879,adarshsingh621
1880,ravidonthu
1881,harisisbatman
1882,slavik
1883,rahulakaneo
1884,anishg
1885,suraj_ch77
1886,aayushdw
1887,robinz62
1888,anubhav2512
1889,sreshth01
1890,lethargic_owl
1891,brainfxxk
1892,w_marlin
1893,r3novatio
1894,ivgechu
1895,aswals8991
1896,unicorn_coder
1897,willhunting
1898,forsad
1899,kadian
1900,aman_agarwal19
1901,nickitat
1902,lungsin
1903,losmi247
1904,yk_2310
1905,udc321
1906,suryansh619
1907,saurabh3240
1908,nurjik24
1909,pushkar93
1910,codebreaker_2
1911,abhas_j
1912,amb1151
1913,chant_coder
1914,mihai50000
1915,frost_
1916,lucky_21
1917,kasparovian
1918,soeffin
1919,tonowak
1920,pakzan
1921,eshoru
1922,nkhurana
1923,dgupta0812
1924,kevinmathew
1925,neko_nyaa
1926,subhamdtu
1927,bulatov
1928,nik_84
1929,the_fenrir
1930,trehanarsh
1931,priyanshi2407
1932,hardik_kapoor
1933,mr_mastermind
1934,manhar
1935,hellodtu
1936,mohib_ahemad
1937,akai_shuuichi
1938,pushpendra1997
1939,sou123
1940,prb456
1941,puki_180894
1942,gengengen
1943,vadi
1944,atharva456
1945,ioi2018
1946,vvneagleone
1947,codeict
1948,anujsingh14
1949,ishan98ra
1950,ak_garg__
1951,iamstg
1952,erfanian
1953,bdzl
1954,tec
1955,tomerun
1956,shamit
1957,racsosabe
1958,buzz_95
1959,sainiprateek37
1960,avign
1961,whozthis
1962,alonelight
1963,shariful_islam
1964,magentacobra
1965,crathva
1966,f20180224
1967,andrzej
1968,kingash101
1969,sharmaeklavya2
1970,rednivrug15
1971,mohitmangnani
1972,patsp
1973,yuanxinyu
1974,mr_knownothing
1975,peluche
1976,b821213
1977,shubham1412
1978,lord_f
1979,abhishek_019
1980,hardik_agr
1981,sojisan
1982,juckter
1983,badgujjarajay
1984,jayeshaw
1985,rainbowbunny
1986,vedaanta
1987,aleex
1988,quarz
1989,saiification
1990,ki0apa
1991,diponsaha007
1992,ciphereck
1993,raghav_19
1994,sergej_t
1995,shik
1996,ilya_msu
1997,nilesh3105
1998,raditya1710
1999,pawan_asipu
2000,sanket2000
2001,keep_calm_
2002,hrt99
2003,yavik8
2004,courtesy
2005,iamgr00t
2006,spentplaying
2007,free777man
2008,vince
2009,xgrizx
2010,stqn
2011,raggzy
2012,nikki371
2013,artemis1997
2014,korec123
2015,vinish_jail97
2016,anant_1234
2017,scanhex
2018,fifty_third
2019,debajyoti123
2020,potter1024
2021,nxtbig
2022,douglasantos00
2023,rohangarg
2024,vijayarsenal10
2025,fata1ist
2026,bhushan_
2027,saicharith
2028,a2317757009
2029,abhigyankole
2030,s0ci0path
2031,s_jindal00
2032,hitman_coder
2033,ironhide14
2034,himanshu7sep
2035,n1t1n_153012
2036,shakib_008
2037,praveenkumar12
2038,crystal64
2039,dragnoid
2040,smokey_eyes
2041,utkarsh_uc
2042,chenxiaoran
2043,sevlll
2044,farzi820
2045,fmm
2046,ping128
2047,hasan_356
2048,boost_insane
2049,nima101
2050,vladik
2051,aakashsoni1999
2052,dj_r_1
2053,hitik
2054,aert
2055,ivand10
2056,rajprakrit67
2057,askdfjlas
2058,retawb
2059,dragno99
2060,tien_nam
2061,arkhamknight1
2062,raynor30
2063,triveni
2064,sidsgr88
2065,mohit22995
2066,yash_15
2067,asvcracker007
2068,rushabh_4795
2069,mohitbindal644
2070,fauzdar65
2071,shreyas_9991
2072,john_f
2073,pulsatio
2074,vedhant
2075,prem_cse
2076,r4r313
2077,zlobober
2078,pavanyellow
2079,trilis
2080,bsrinivas8687
2081,hybrid404
2082,sj444
2083,codelegend
2084,iamrakesh28
2085,adeshsangoi
2086,mishaprigara
2087,miracle003
2088,chushuhuch
2089,scottai
2090,nikitosoleil
2091,liman98
2092,mars4
2093,chasedeath
2094,r7rohan
2095,akshaykumar01
2096,cosmicwolf
2097,ash_013
2098,crazymerlyn
2099,abhishekk781
2100,bhola_nit
2101,dpk7jn
2102,sureshupadhyay
2103,rohit_l
2104,damsehgal
2105,lucsturci
2106,dt_kang
2107,ankit_btech
2108,yurkoflisk
2109,sharrad99
2110,mdtabish5600
2111,namanjn
2112,zq2188365531
2113,njha1999
2114,chirag11032000
2115,zedthirtyeight
2116,ugly_sharp
2117,sr_k
2118,abilash
2119,enchom
2120,kharyusuf
2121,s59_60r
2122,puneet_goel
2123,zxcvmnb123
2124,agru
2125,idgaf_99
2126,vivek17geek
2127,andbluer
2128,kaushal101
2129,cookpie
2130,sugardorj3
2131,md91829
2132,amitkr100
2133,rishabh_coder
2134,kishu96
2135,erzhan9800
2136,harshsri
2137,aa6565
2138,gauravtailor_7
2139,divaskumar3110
2140,rishav_iitkgp
2141,prasadbhatane
2142,krishss200
2143,bugdone
2144,veladus
2145,a000
2146,anirudhbansal
2147,priyanshukm
2148,prastut
2149,harsh_jain1
2150,yogeshk972
2151,ayushtiku5
2152,sharansh12
2153,pratyushsetu
2154,bignubie
2155,teapotd
2156,tle_99
2157,ronnith
2158,nipun_30
2159,mrkorat
2160,y0u_kn0w_wh0
2161,namanpoddar
2162,enrevol
2163,alex20030190
2164,hanshuai
2165,programmist
2166,kut_ksr
2167,danft
2168,nmunim
2169,rajma996
2170,dumb_guy
2171,abizerl123
2172,pankajkhan
2173,mostafa_9a7c2
2174,agile_aviator
2175,bansals888
2176,shubham_avasth
2177,wolf_kp
2178,thelonesailor
2179,megaspazz
2180,donquichotte
2181,viktor_t
2182,karthikeya619
2183,flukehn
2184,pulak15
2185,rupakrajak
2186,naveenkrnl
2187,balalm10
2188,kempusss
2189,lazydreamer
2190,chetan11235
2191,raja_kumari
2192,tiasang
2193,nissy
2194,mayureshpatle
2195,jeffreyho
2196,t1024
2197,lvcs
2198,mohit_1995
2199,djok
2200,just_dream
2201,niquefa_diego
2202,agul
2203,Igor Kudryashov
2204,riz1
2205,shreyash1999
2206,tanishktonk
2207,black_shroud
2208,jughead_73
2209,jerdno
2210,thphong
2211,kamleshi9
2212,nahidcuet12
2213,arxmath
2214,kuros
2215,nguyencuong
2216,da_201501410
2217,raghu_317
2218,devanshugupta
2219,nexus_18
2220,topcoder31
2221,yatinarora98
2222,reedef
2223,cerrax
2224,jaynilshah
2225,jitesh_1701
2226,jain1898580
2227,ghost_coder_x
2228,ibibhu123
2229,himans1999
2230,limelight27
2231,plosique
2232,shinjiikari
2233,bestin_1
2234,ayush_a97
2235,stranger7
2236,mattioli
2237,jaydeep97
2238,scoobybutter
2239,eljdmax
2240,shauryakr
2241,crvineeth97
2242,muhimin_osim
2243,tanik
2244,aman_robotics
2245,kuuso1
2246,lalit_1
2247,floygun
2248,pat3ik
2249,fandes
2250,war_lock
2251,mukul166
2252,hardhome
2253,nima_naderi_83
2254,jimm89
2255,rpfl
2256,arrow_t
2257,yash_0402
2258,vdua447
2259,tatami
2260,humane
2261,itachi302202
2262,codeadarsh
2263,shampinion1
2264,liujunhao
2265,neutron_byte
2266,sweta_sinha
2267,chefboy
2268,rohit2100
2269,da_201501242
2270,irkstepanov
2271,kzvd4729
2272,iro_code
2273,dlp150
2274,darkknight_77
2275,rohanrko96
2276,hruday968
2277,frustrated_ms
2278,aman_aa
2279,moarvivek
2280,rishabhnew
2281,i_love_deepika
2282,prisonbreak_ms
2283,josesoto
2284,rishup_nitdgp
2285,aj163
2286,vaishious
2287,noble_mushtak
2288,akshayvenkat97
2289,shivam077
2290,aditya_kakarot
2291,abhi922
2292,filmwalams
2293,koyumeishi
2294,the_batman
2295,kristopher
2296,rushabh7
2297,shr8
2298,byakko
2299,subhashsuman01
2300,aaditya_12
2301,dot_0
2302,arnbt
2303,prakhar_1
2304,kaizer
2305,Sumudu
2306,gonglinyuan
2307,ankdas1996
2308,ishu_05
2309,yukimai
2310,aminul_haq
2311,iitpsr
2312,prnjl_rai
2313,yat_00
2314,aman_garg_1234
2315,wooh
2316,rohanvora
2317,sanket_markan
2318,xodiac
2319,bishalg
2320,contesant
2321,yvasyliv
2322,hedgefog
2323,sparshkedia
2324,rranjan1
2325,arc_9693
2326,jayeshasawa001
2327,kkb_10
2328,ezio_26
2329,prashantmahesh
2330,myk_00l
2331,thunder_blade
2332,sky123in
2333,isspidermann
2334,aktl
2335,cupper
2336,ayush1101
2337,pravin014
2338,dk502
2339,aoligei
2340,ankit_akr
2341,stiffsubset
2342,devansh5398
2343,venkycodes
2344,blair_
2345,invincibel
2346,aman_barnwal
2347,gkarp
2348,doshishubhj
2349,djm_boss
2350,lapmid258
2351,rr_nguyen
2352,rajesh3579
2353,garv07
2354,pharry
2355,raj1238
2356,me17b016
2357,gjghfd
2358,mr_coder95
2359,ayushkmr
2360,digu_j
2361,uday_170030900
2362,sut99pal
2363,sanat_kumar
2364,rczlux
2365,nitingarg1000
2366,gladiator121
2367,nachiketkanore
2368,bharatgoyal06
2369,cap_man
2370,pineriver
2371,udon1206
2372,alphatrance
2373,leoamish300
2374,atablash
2375,himanshu_m
2376,ssaxena36
2377,mohitf
2378,raj170533
2379,nson
2380,mariand
2381,sushant05
2382,prakash1108
2383,newbie314159
2384,yashjain1611
2385,bluespex
2386,skabdurrahaman
2387,rohitagrawal22
2388,practiceguy101
2389,arpeggio0
2390,querty1234
2391,dimp_af
2392,alankrit_anand
2393,milisav
2394,baked_bullshit
2395,alias_2
2396,i_love_islam
2397,alexeykasatkin
2398,dhawalupadhyay
2399,shenkedaa
2400,amand26
2401,anas_hacken
2402,lynstery
2403,manu4rhyme
2404,snehal007
2405,rebornplusplus
2406,nikhil19
2407,palmptsj
2408,Shreymanik
2409,smokemother
2410,j1k7_7
2411,apoorv17
2412,shobhit907
2413,xynkt_99
2414,v_k_pandey98
2415,shubh321
2416,raunaqroxx
2417,gaurav_5364
2418,windazz
2419,amitkr101
2420,random_1993
2421,alone_12
2422,jporwal09
2423,iamrajiv
2424,saumya_1911
2425,satyacse
2426,darthmelonder
2427,amirno2020
2428,arsenal14
2429,dext_r
2430,skorknure
2431,zxqfl
2432,sp001
2433,teja_bhai
2434,pranjulpal18
2435,valeragrinenko
2436,rgb_icpc7
2437,sahil43210
2438,invictus_123
2439,abx_2109
2440,kapillamba4
2441,rohit659
2442,kapilks
2443,shloksingh10
2444,priyesh123
2445,zaphodr
2446,aquamongoose
2447,rohit25697
2448,mexmans
2449,kostka
2450,gccode
2451,jaya8896
2452,new_ton5
2453,januzaj497
2454,abhishekjha01
2455,stelian
2456,vaibhav5386
2457,eric_761
2458,leaked
2459,shr_mandade
2460,dbh_
2461,zaki2017331068
2462,darth_vader1
2463,nky_007
2464,john_titor
2465,trsriram
2466,puneetrai04
2467,umesh_kumawat
2468,gurshaan
2469,rajput1999
2470,lotthbrok
2471,ps112iitkgp
2472,sample_sal
2473,robbinb1993
2474,momo5440
2475,ripac
2476,atish508
2477,wahid2k14
2478,maheiitr
2479,vivek1_007
2480,vb301296
2481,szazry
2482,rcsldav2017
2483,kunal_serum
2484,aman3245
2485,hyperion_1724
2486,karangreat234
2487,ysc_rih
2488,black_truce
2489,voidmemories
2490,isdapro
2491,shsaurabh
2492,oshhh
2493,goku1998
2494,keshavreddy
2495,linnil1
2496,alokpatra1998
2497,prash_rebala
2498,lazier
2499,isti777
2500,grenade
2501,rahulgrover99
2502,devansh11
2503,druh
2504,suyash_2
2505,kunalrautela
2506,pahe
2507,parthsangani00
2508,fortin_
2509,sahil84620
2510,ritikbaid
2511,alpha_q1611
2512,milan1999
2513,invisible13
2514,shreyans625
2515,lakshay_nasa
2516,shivam2298
2517,vipsharmavip
2518,megaracer
2519,boxer2012
2520,baal_hammon
2521,bustyasians
2522,arka_nitd
2523,cenation092
2524,m416andm24
2525,abhyudaydixit
2526,yfxj_38
2527,modestas
2528,aberent
2529,ganesh_1085
2530,kingnaldo7
2531,mahotsukai
2532,sed_123
2533,singhsahil
2534,zhatab_saifi
2535,isaunoya
2536,benjyman
2537,leanil
2538,goutham74
2539,duffer
2540,nevidomy
2541,shuternay
2542,hokagenaruto
2543,abhinav1996
2544,dratini
2545,vasu2907
2546,szentep
2547,ninjaboy
2548,kovidsunny
2549,kanurag94
2550,aneee004
2551,gourav_987
2552,sat_123
2553,return_19
2554,alico
2555,sanchit_1512
2556,ddddddpppppp
2557,anmol21
2558,mohitbhura
2559,alfarhanzahedi
2560,akshat98
2561,pawank_29
2562,mrkhokho
2563,shivam5285
2564,ashwath7500
2565,nikanika
2566,rathersimple1
2567,ankittt2001
2568,sarthak_sethi
2569,hyp1231
2570,rishisethia
2571,oiwai
2572,h_rathee
2573,harsh639
2574,ron
2575,adarshkr532
2576,begin_hs
2577,squidward
2578,ekansh573
2579,time2new
2580,vk98
2581,mdazmat9
2582,sabishek
2583,crazy__1234
2584,minamego
2585,abhi10001k
2586,harshyd
2587,naks
2588,herambpatil98
2589,bhargava15598
2590,neil_812
2591,rohanagarwal
2592,pparwal12
2593,iprakhar22
2594,siddhanthirve1
2595,aditya0412
2596,pratham10
2597,infoshoc
2598,ashpreet72112
2599,simphoni
2600,all_too_well
2601,dinosprtn
2602,karan984
2603,pedastrian_57
2604,sarthakrout
2605,adi_7861
2606,zankanotachi
2607,shpvb
2608,under_cover123
2609,pr3pony
2610,ridslk22
2611,jainadit67
2612,danthespaceman
2613,youx
2614,raghumdani
2615,yuusti
2616,oculto
2617,ritikan_coder
2618,nalp
2619,monmoy
2620,rishi_illuri_3
2621,y_malik
2622,vlam21
2623,rajsahu213
2624,babusai_123
2625,reshke
2626,xams
2627,c0de_machine
2628,thesamet
2629,wandan23
2630,flash_xd
2631,ssid8802
2632,csevirus
2633,soham1234
2634,cy1013
2635,aswinashok44
2636,anujdhawan7
2637,pk159
2638,gautam_99
2639,aashrayagarwal
2640,ladpro98
2641,sumo_maverick
2642,shivansh100
2643,karandeep09
2644,dwai009
2645,rohan03
2646,brijeshpanara
2647,mayankmanuja5
2648,gskhirtladze
2649,krishkoushik
2650,swapnilagarwal
2651,ss_nitian
2652,saksham08
2653,raman3217
2654,orfest
2655,sholja
2656,kruti_20
2657,anmolschauhan
2658,iaz1607
2659,devanshuraj226
2660,ssingh_934
2661,kc54
2662,pprabhat66
2663,maksim1744
2664,stefdasca
2665,xy20130630
2666,georgevidalaki
2667,amit_839
2668,pk201996
2669,yoda_101
2670,coder_prashik
2671,shawnbam_96
2672,priyank20011
2673,studskull
2674,hama_du
2675,momo_vn
2676,deepanshu321
2677,makeitdonesolo
2678,spartan08
2679,tciitb
2680,spark_in
2681,navi_markeloff
2682,delta003
2683,ethanjimenez
2684,arnabghatak22
2685,mark31408a
2686,kut_hcs1994
2687,shikharkunal
2688,abhishek20113
2689,neilkakkar
2690,manish_94
2691,susg
2692,gts_47
2693,sunil786693
2694,alpha_better
2695,ani37
2696,darklord_chef
2697,nik1995
2698,benmath
2699,l_o_s_e_r_9
2700,inferno_sloth
2701,ashutosh1229
2702,the__guy
2703,rishabh7896
2704,sahayshambhavi
2705,wizguy
2706,hritikrbelani
2707,ak_05
2708,arqum_123
2709,arjunsanjeev7
2710,abhinav3010
2711,mahir111
2712,anonymousbuggy
2713,shakil_ruet
2714,gb2793
2715,srki
2716,namanrcoem
2717,deep247
2718,tanvirtareq
2719,ayush__1997
2720,istinishat
2721,naklecha
2722,tiasmondal
2723,l0gic_b0mb
2724,mohitsaini2012
2725,jsannemo
2726,ub_98
2727,thejas_97
2728,rke6012
2729,blackBird
2730,nishit5
2731,dhruv0000
2732,jatinaggarwal1
2733,false9
2734,rrohit_12
2735,nykterstein264
2736,wygzgyw
2737,lawliet_l_12
2738,sasidhar_reddy
2739,sorcerer48
2740,gultai4uk_r
2741,apptica
2742,anhhungcolao
2743,coders1122
2744,jdevey
2745,virus_1501010
2746,rtheman
2747,ivokaragyozov
2748,divyansh121212
2749,avn_29
2750,anupamshah
2751,priyam2k
2752,f20180147
2753,codophile_zara
2754,ashis123
2755,abhishek_057
2756,sajjad1603105
2757,blast_7
2758,gupta_97
2759,sashans13
2760,sbansal3096
2761,saisumit
2762,shpalasara
2763,krodhking
2764,uttam36
2765,saraguru50
2766,sky_nik
2767,abhiy13
2768,shmundhra
2769,vaibhav2709
2770,rafsan_botbyte
2771,hkyiitd
2772,abhinaviit
2773,visvesh38
2774,kishan13101998
2775,utkd52
2776,art_hack
2777,amangoel1234
2778,alshahreyaj
2779,mhuman
2780,kailashnath199
2781,protocolocon
2782,psp_643a
2783,avb1003
2784,mittalshubham
2785,candyzack
2786,abhi_jeet09
2787,maddy1998
2788,slinky
2789,sunnyc21
2790,tenkei
2791,buster_scruggs
2792,hello_444
2793,pratgupta21
2794,eternityishan
2795,arnablm10
2796,bhaskarbhakat
2797,sumeet3_0
2798,arnabroy1234
2799,mishra_tanay
2800,yk149
2801,royal_sandhu
2802,sujoyghosh
2803,adityakumar007
2804,rohit7ks
2805,priyamvivek
2806,system_hacked
2807,gaurav2
2808,sakshjha2000
2809,bohoty
2810,nilesh_sahu
2811,jiteshrao
2812,nownikhil
2813,vats_20294
2814,msm2k21
2815,lovecommunism
2816,timonandpumbaa
2817,uhateme
2818,ravik1
2819,electron19
2820,harshitnitt1
2821,viskey
2822,rp789
2823,s4shyam95
2824,geniucos
2825,rodrigozhou
2826,faebdc
2827,mac1309
2828,temurbekhujaev
2829,koderproxy
2830,sudarshan_07
2831,dristiron03
2832,aakash_in
2833,mustnotlaugh
2834,destructor_19
2835,dhrumil_22
2836,ambuj00
2837,rage_king
2838,karimulla1098
2839,h12345
2840,namanbansal013
2841,aryandosaj
2842,ashwani27493
2843,loafy
2844,lifting
2845,suransh
2846,prateek0602
2847,hrsvrdhn
2848,ronakvaghela45
2849,stud_ious
2850,bimaoe
2851,shubhamrawat
2852,arunava5
2853,shreyans1995
2854,wrz20
2855,vermashubhang
2856,hello_jarvis
2857,canshul
2858,alechuang98
2859,devansh639
2860,cypherop
2861,s17_190031868
2862,zxcv123456
2863,tisparta
2864,shrey_harry
2865,aksh_idi1
2866,husain_froz2
2867,arpan4775
2868,ninjaaadi7903
2869,n4nimit2000
2870,vipin123456
2871,trabbart
2872,ahambrahmasmi
2873,trsteel
2874,technocrate_69
2875,attrighosal
2876,anurat123
2877,codechef2
2878,anukul1325
2879,harrycoda
2880,ranadev
2881,zglicz
2882,math10
2883,jrupani
2884,dmytrolev
2885,vegvarizalan
2886,grey_code
2887,sijalbhatnagar
2888,combi2k2
2889,noob333
2890,kaysar
2891,kulin
2892,sai_teja02
2893,cod_______yapa
2894,shubham_43
2895,anish85
2896,laplace_3
2897,o0o0oo00
2898,s_aditya_007
2899,testcases
2900,keshav_k_singh
2901,akathil
2902,pakkhu9603
2903,murugappan_s
2904,vichitr
2905,aviously
2906,f1u77y
2907,kuribohg
2908,tarun_1909
2909,daiver19
2910,jatin_cpp
2911,aiccha
2912,ichyo
2913,randomusername
2914,imgr00t
2915,bbiswabasu
2916,deepank15
2917,ajay_coder_16
2918,malfple
2919,ur_dad
2920,golden111
2921,apcode
2922,shidan3101
2923,nitesh202020
2924,simpatine
2925,point_blank_
2926,parth_2_0
2927,mujtaba1747
2928,c_rahul
2929,devanshnandasa
2930,aswnrj
2931,m_scofield
2932,ashwinbaranwal
2933,akuegel
2934,knight0x300
2935,kunal_rocks
2936,xt1033
2937,iampossible97
2938,nishant0208
2939,r8b8
2940,yefllower
2941,pun97it
2942,jyhuang
2943,arpit_27
2944,kczno1
2945,rohitkv77
2946,vaibhav3051
2947,lgsmitty
2948,logic_max
2949,anikaitshivam
2950,showmic96
2951,king_in_n0rth
2952,yamunaku
2953,chenreddy
2954,akshat_goyal
2955,ritvik_369
2956,abhishek201202
2957,rktata5860
2958,shroudedwolf5
2959,huckleberry
2960,rishabhpndt
2961,chutiya_bs
2962,shivashish_123
2963,asgarj
2964,batura_dima
2965,akhil_singla97
2966,jonson202019
2967,fiction1729
2968,apoorv024
2969,ivanilos
2970,anupamwadhwa
2971,ymahajan98
2972,anshuiitr
2973,bedantagarwal9
2974,kumaranoop900
2975,rachna2000
2976,ckant_787
2977,ashutosh2539
2978,sriritwik3
2979,bala_1428
2980,aknov711
2981,satin1004
2982,ab2000
2983,demon_99
2984,little_angel
2985,atharva_15
2986,vishal_125
2987,zappelectro
2988,siddhugzp
2989,arindam54321
2990,jicotillo
2991,acmetehan
2992,saar2119
2993,anonymous_b0y
2994,nikhil30
2995,gorv
2996,dumbhead
2997,prateekg603
2998,rodrigoburgosd
2999,thecodekaiser
3000,pandeymht
3001,xfastx
3002,mohit33
3003,jubairaraf
3004,tejkiran_v
3005,thelonecoder
3006,owaiskhan11
3007,waynetuinfor
3008,sl170030258
3009,ajul_raj
3010,gnana_19
3011,vibhav011
3012,rt24
3013,raunak316
3014,free__electron
3015,codepi
3016,fishy15
3017,darksoul_12
3018,prateek_6188
3019,sachin92102
3020,rsampaths16
3021,prey176
3022,rajan_parmar
3023,berba
3024,mpineda
3025,claudiovan28
3026,dashuiren
3027,user32
3028,luvk1412
3029,kamalch
3030,aymanrasheed7
3031,ayushgupta1997
3032,dpraveen
3033,gafeol
3034,manish6466
3035,naveen19991124
3036,ecapia
3037,anooooob
3038,jokkeerr
3039,tanmay_1526
3040,malfoy_draco
3041,saitillu25
3042,rdxvijay
3043,ayush_dragneel
3044,ashwin_mittal
3045,ayushjain1201
3046,thearijit2k
3047,rubanenko
3048,utkarsh_lath
3049,samuelgrig
3050,diksha11_
3051,coderclan81
3052,chinmay2
3053,codearth1
3054,pratikpathak21
3055,aniketthecoder
3056,naman_tyagi
3057,ankitmishra833
3058,nuttela
3059,kt21
3060,nine_tails9
3061,siddhant1303
3062,ayk16
3063,hungryfool
3064,punjabidon
3065,paingo
3066,nutella3
3067,greatwall1995
3068,parthlathiya
3069,c0de__thunder
3070,nahid_08
3071,ashu_adh
3072,sanchit_1999
3073,insayn
3074,rohit_ag14
3075,sompdy
3076,prateekc231
3077,feixiang
3078,tokir1234
3079,adikr_singh
3080,tanmayagarwal
3081,pakshik123
3082,mai_hu_don
3083,sj12
3084,vivek1401
3085,everule1
3086,waheguruanurag
3087,avi_21
3088,lich_ning
3089,yatin97
3090,vaibhav2303
3091,himanshug99
3092,dark99
3093,cormen_1
3094,mink0389
3095,snehil10
3096,aakash96
3097,decoders15
3098,peeyushy95
3099,akshayvats
3100,shevchen
3101,tunyash
3102,last_coder
3103,alexwice
3104,phibrain
3105,aditya10_
3106,mr_universe
3107,darshan786
3108,flyingkebab
3109,ch_taahm
3110,ayushjindal_23
3111,vijaythakur118
3112,summit_3
3113,m_ashraf101
3114,amit_raj1
3115,totijain
3116,wangziji
3117,codebuster_10
3118,kevinpatel_20
3119,risu007
3120,nikunjsoni
3121,vietnakid
3122,deepak1527
3123,saurv4u
3124,kainthabhishek
3125,zaki_joho
3126,nksheokand
3127,abhinav_7538
3128,tanmay28
3129,rushi9
3130,akashad1998
3131,voldem0rt
3132,l_returns
3133,shreybest
3134,izanbf
3135,bhupixb
3136,seess_yshysj
3137,grayhathacker
3138,aman9875
3139,ayushghd
3140,satyroxx1397
3141,rattandeep1998
3142,meintoo
3143,ksh78
3144,dumbear
3145,arijit91
3146,pulkitarora26
3147,chefsaurav
3148,gauss14
3149,rishabh_singh_
3150,mrboorger
3151,fmx_alloy
3152,s5960r
3153,mohitfps10
3154,prateekc2341
3155,karanagarwalla
3156,arghyadeep_cod
3157,mafailure
3158,ks3rr
3159,cicada2020
3160,i_64
3161,rajyadav
3162,vk_76
3163,rk957019
3164,bin_0808
3165,sinhov
3166,kenimo
3167,abc3141
3168,ssscode
3169,ivl123
3170,capawesome
3171,akil_av17
3172,tanujjohal
3173,girinandan_07
3174,abhikdkdodn100
3175,kyoa_a
3176,new_id
3177,anshumankr001
3178,morningssword
3179,game_changer10
3180,enigma_one
3181,ps_41
3182,contrapasso
3183,mehar_batta
3184,tanishq512
3185,mandyjohar23
3186,wjmzbmr
3187,thunderclash
3188,triploblastic
3189,utkarsh97
3190,saumye
3191,verysmart
3192,wiz_khalipha
3193,scoobydoo
3194,anshuman16423
3195,datblind
3196,dilsecoder626
3197,horsbug98
3198,saksham9575
3199,kartik_354
3200,boo_foo
3201,spencer
3202,jungle_walker
3203,kashrish
3204,charlesbarbosa
3205,unknown_artist
3206,mukeshjwl
3207,ayush1996
3208,darkmorning
3209,kellymilla18
3210,success
3211,kohyatoh
3212,dolabmoon
3213,shubhankarbj
3214,fallingstar
3215,sandeep_7ss
3216,r0uxt1
3217,reddevil100
3218,csb1121
3219,coder7777777
3220,ritksedana
3221,loa007
3222,bhalodiashivam
3223,theviral_v
3224,minamoto
3225,pcs007
3226,janmansh
3227,far_fetch
3228,buda
3229,AnonymousBunny
3230,shas19
3231,shubhu1596
3232,whiteman
3233,mint
3234,hikarico
3235,sharanx
3236,zcy1zhy3
3237,nel215
3238,wellvolks
3239,pankaj0017
3240,mr_dot_convict
3241,ujjk29
3242,neo2308
3243,white__wolf
3244,rituraj22
3245,inof42
3246,monster_1097
3247,amit0873
3248,thorn_thestral
3249,codemaster0202
3250,true_friends
3251,sid_ansh1
3252,veer__1599_
3253,akashnishad17
3254,vin_ar
3255,raj_sahu123
3256,ayush1999coder
3257,infleaking
3258,jeeva2812
3259,satyamgarg121
3260,coderjockey
3261,code_once
3262,suman000
3263,devesh_iitism
3264,ken_
3265,shawnfrost
3266,pranay100
3267,isha_22
3268,dwij28
3269,tusharsingh
3270,pandey__ji
3271,fayaz_007
3272,qwalski123
3273,liaojh
3274,rsunny1993
3275,pj21
3276,user99
3277,c0bra_1
3278,nikhil982000
3279,agenta10
3280,ktssaiteja
3281,s_r_1996
3282,sumeetshirgure
3283,ninshu
3284,tanishka123
3285,cfcfs
3286,shivam940
3287,stormspirit
3288,kapildd
3289,ts__
3290,awishkar98
3291,srishtik_1611
3292,agrawall117
3293,aalas_ka_pedh
3294,lt_coff2020
3295,c_007
3296,unstoppable22
3297,ardp
3298,prince_raaz
3299,cigarette_
3300,harshrajani460
3301,bios_99
3302,angerandmoney
3303,h4xx
3304,topsykrates
3305,starksid
3306,ashu230899
3307,sanjeet01
3308,aditya38112
3309,anurag31
3310,amitgoel248
3311,virrrat
3312,eager
3313,zscnash1
3314,vivekcrux
3315,shubhamjain_19
3316,abhihacker02
3317,isea
3318,greencis
3319,atriwal
3320,amityadav4444
3321,availa1234
3322,invinciblee
3323,limabeans1
3324,devyash17
3325,saravpreet14
3326,makaunochiippo
3327,kevalhpatel
3328,dk_popa
3329,a_man909
3330,rekhansh99
3331,tilakagarwal
3332,harsh_0802
3333,divyansh_io
3334,rutvik_56
3335,piyush_goyal16
3336,satya679
3337,tathagatshah
3338,kabeer27
3339,wjli
3340,rupesh_maity
3341,pedromnasc
3342,omks
3343,fauxarse
3344,gurpreet1205
3345,imulan
3346,amandeep224
3347,sdya
3348,tmd910607
3349,dragos231456
3350,prashant1104
3351,bazzyadb123
3352,karry26
3353,thekrishwish
3354,mbfibat
3355,vaibhav0309
3356,coder215
3357,hetpandya98
3358,aman9532
3359,grikukan
3360,newcoder_bd
3361,vrajala
3362,kzykt
3363,pieliedie
3364,singhpk
3365,rohitranjan017
3366,reej
3367,bminus
3368,fura2
3369,the_mad_king
3370,van_persie9
3371,animesh194
3372,amrit_sahu
3373,traveller_exp
3374,nevermore2002
3375,himanshu8h
3376,atishay2205
3377,manish17_
3378,what_is_coding
3379,sudharsan01
3380,anupam_flag
3381,code_25
3382,ajit123q
3383,ramathesaviour
3384,karnikanay
3385,mshiladityam
3386,kilamunev
3387,omshubham99
3388,ayushcool2654
3389,abhi_rao
3390,abbi_18
3391,shubhamgarg18
3392,sgtlaugh
3393,tonkosi
3394,guptakeshav
3395,ptak
3396,moinul_1005015
3397,s_00aiub
3398,may31
3399,umang696
3400,hackcyborg
3401,bhavyarustgi10
3402,loc321
3403,ashishrn29
3404,souravdutta1
3405,akul_swamy
3406,sumukhbhardwaj
3407,gourav_21cent
3408,sak_agg
3409,sudhir_k
3410,gurtejsohi
3411,lijinglun
3412,ujjawal35
3413,kartikeysm2001
3414,whiskey
3415,copperium
3416,mayankprtp
3417,raj_shah1
3418,praking_112
3419,kabir786
3420,depressedaf
3421,gregory42
3422,zj713300
3423,hritikraj31
3424,krish_88
3425,stephen_2907
3426,advait_sankhe
3427,great762
3428,pintu257
3429,bad_ass_1
3430,sayantanu_07
3431,droy0528
3432,fire_tornado
3433,jagnur_sandhu
3434,kunalbonucci
3435,ziqian2000
3436,aman_bansal
3437,stoyan_malinin
3438,abhipso
3439,m_a_x_i_m
3440,vidyut_1
3441,vampire_slayer
3442,darshil_k
3443,tibrewalpratik
3444,piyush28105
3445,andrew_khoma
3446,sahilshlangia
3447,rishit_patel
3448,buddhabhu
3449,tfg50
3450,abhigyankhaund
3451,vpsingh22
3452,fireheat222
3453,gandu007
3454,ashutosh_bang
3455,faraday_anshul
3456,django28
3457,codedecode0111
3458,a9108cc
3459,shubhanshu
3460,la_flame_
3461,shriram_c253
3462,preetm
3463,raghukul01
3464,shivamkalra333
3465,naman_9899
3466,manan_jethwani
3467,ashu_coder98
3468,vrishinvv
3469,notsoloud
3470,codedreamer_dg
3471,kaanu_07
3472,sarav_sikka
3473,rkthegreat007
3474,suru1907
3475,lets_rebegin
3476,emorgan
3477,siddarth344
3478,jdblasters002
3479,kfg021
3480,godparticle_17
3481,anubhav23
3482,vivek_shah98
3483,darkrayshiro
3484,kartikkukreja
3485,durgatiwari
3486,azras
3487,kaustubh22
3488,gayensouvik1
3489,adumrewal
3490,t_bone_289
3491,puniluca
3492,rmatrix
3493,sauravchandra1
3494,jimmy1810
3495,imdaredevil
3496,vg_codechef
3497,kshitij_07
3498,peacefulcodder
3499,vivek_ghosh
3500,shashank_360
3501,pranavjasoliya
3502,manwithavan
3503,kumarpritam863
3504,mr_loser
3505,pritishn
3506,visheshg
3507,theharshshow
3508,pawanagrawal
3509,hellb0y_suru
3510,yash_2523
3511,alpha_022
3512,zhoushuyu
3513,sinister100
3514,mcinvb
3515,availa123
3516,rrewant7
3517,devraj10
3518,viru001
3519,jitendraj10099
3520,ankan2526
3521,dk_keswani
3522,aryanagarwala
3523,nishit7
3524,pratikmoona
3525,dtuguyamit
3526,hardik_157
3527,priyanshi_
3528,snohria97
3529,avcbcoder
3530,soda_beta7
3531,sigkill_
3532,the123abhishek
3533,llj_bash
3534,stapler
3535,jainesh1p05
3536,igorkoval
3537,war_child
3538,terminator125
3539,shivansh7
3540,sk_singh
3541,spellstaker
3542,may55
3543,devanshguptaa
3544,nikhil_bot
3545,amina283
3546,sanroylozan
3547,inishchith
3548,tony_hager
3549,batmanishere
3550,karan26k
3551,shivam543
3552,Dean@Supernatural
3553,humble_rookie
3554,takapt
3555,honeyslawyer
3556,apusing
3557,algorithmist2
3558,manan
3559,hrishabh15
3560,agron_x
3561,h1tman_abhi
3562,lowjack
3563,nirav116
3564,arsh99
3565,terminus_22
3566,shbhm_53
3567,resting_prince
3568,shusisha
3569,amritk10
3570,darshan_rathi
3571,king_arp
3572,vipul73921
3573,shubham_andro
3574,yogesh0
3575,shashwat07
3576,something30
3577,iamback_20
3578,marcos_99
3579,slavakpcc
3580,stealth_x2k20
3581,kwongweng
3582,slowcoder1
3583,kejriwalawadh
3584,coder_noob_01
3585,yazan_zk16
3586,sekhar1496
3587,masteranimax
3588,dontsleep
3589,gerbuz
3590,vishal_nnd0
3591,vkrules1104
3592,ahm001
3593,utpaldps
3594,bnslakki
3595,pratyushc232
3596,katil_coder
3597,segorov
3598,coolyansh
3599,coderbond007
3600,lokesh435
3601,surajghosh
3602,sirjan13
3603,wanglichao1121
3604,harsh290198
3605,dante_
3606,adarsh_7777
3607,pvimal816
3608,black_gambit
3609,dcoder_786
3610,absolutezero
3611,abhi1shek1
3612,karadza3a
3613,kalbhatia
3614,tanuj_drall
3615,preda2or
3616,siddharthsahay
3617,ankit_singhal
3618,knayse
3619,beastincarnat
3620,shambhuk_123
3621,husein_v7
3622,ayushharshashu
3623,tanmay2625
3624,karma_akabane
3625,gauranggupta
3626,gupta_nitin
3627,manan049
3628,matiasmg
3629,siam009
3630,vib4
3631,sunil_bswl
3632,aman_58472
3633,codearth01
3634,agarwal0010
3635,sanjay_mehra
3636,ss_varma
3637,karishma_98
3638,ashcode0605
3639,sandeepg97
3640,seakkteat_780
3641,pheonix123
3642,chaitanya100
3643,shivam_wadhwa
3644,kqr45j
3645,anujs_hankar95
3646,bhargav104
3647,naranbayar
3648,chipe1
3649,justani
3650,shivang_garg99
3651,codename0047
3652,gabib97
3653,suhendry
3654,vidhan13j07
3655,shivamchef
3656,vivek27_
3657,cherry0697
3658,e_xplorer
3659,prasanna2425
3660,alien88
3661,rishab_h
3662,akstron
3663,kunal__verma
3664,yaswanth119
3665,anurag_lodhi
3666,sresth_21
3667,slimshady_123
3668,devbrat123
3669,sharkyboy1248
3670,rishabhjain11
3671,rupesh_rao
3672,apocrypha
3673,rajiv_111
3674,barry1928
3675,mstyoda
3676,macs
3677,xxsyuyuko
3678,prakhar_gupta
3679,srinathnairt
3680,shikhar_
3681,barcelona
3682,shwetank97
3683,umbreon
3684,dinesh6752
3685,xproxmess
3686,friction
3687,storm95
3688,protocolon
3689,manav245
3690,brijs
3691,rohan_bose95
3692,hoansn
3693,abhishek15chef
3694,raj_159
3695,destiny_son
3696,pikapika00
3697,neelaryan2
3698,rahulroy_1999
3699,pratiklath
3700,daddy_cool_69
3701,stanislavpolyn
3702,mahatejvarma
3703,botdvd
3704,prashant_nk
3705,jai_ganeshdeva
3706,pragyanc2
3707,genjutsumaster
3708,fake_86
3709,warg
3710,codinginveins
3711,aakus
3712,imishuverma
3713,harsh1610
3714,unusual_wonder
3715,mtarani
3716,rohan_088
3717,akash_kmr
3718,savit11
3719,i_am_expert
3720,andrewting
3721,animesh1309
3722,zoooma13
3723,chakradhar0526
3724,chandresh_
3725,aulene
3726,desi_katta
3727,nilotpal9797
3728,ezreal
3729,blazerbeast
3730,hsn12
3731,tapeshjoham
3732,bill_kondo
3733,beginner_2017
3734,rizwanhudda
3735,pnomarev
3736,ritesh_gupta
3737,xiaodao
3738,aamaly
3739,samanwaya
3740,prayushd
3741,ashley_27
3742,newcybergypsy
3743,tanwir2912
3744,abhishekp06
3745,arijit02
3746,nhatminh0208
3747,knightknight
3748,pink_bittern
3749,som_s_mukherji
3750,koderr
3751,divyaman_
3752,organizized4
3753,abhigyann
3754,remagsaiprasad
3755,yashsoni501
3756,shubham_2799
3757,sherlock__17
3758,ng420
3759,foraml
3760,akash1rakshit
3761,anay07
3762,chaudharyv101
3763,mynk322
3764,venkat2000
3765,yefri97
3766,jaggu1999
3767,nkh1234
3768,tuxcoder
3769,conan16
3770,anshumanc007
3771,nqs_01
3772,aman92053
3773,tarun360
3774,vivekverma328
3775,bechara_123
3776,heyayushh
3777,swapnil2201
3778,rivu07
3779,vk48962713
3780,apoorv1412
3781,matejav
3782,abslime
3783,muradeyn
3784,shubham_1428
3785,adisethi02
3786,mdz10
3787,subway
3788,perchema
3789,kanna_19
3790,khatri0026
3791,mohitkurani98
3792,vikas_nitd
3793,milan7
3794,danielli18017
3795,biochem
3796,nicad144
3797,nimishbansal
3798,srivasshub
3799,heisenberg1208
3800,m_shreyansh
3801,hiranmoy70
3802,akashgunjal
3803,mrstrange
3804,pulsatio1
3805,agrawaladitya
3806,vendi95
3807,arjun161
3808,lgm_1234
3809,pranab_20
3810,dean_student
3811,killer_12
3812,aaditya07
3813,unum
3814,pankaj_gaur98
3815,jain_sahb13
3816,sarthakj1619
3817,shyam_babaji
3818,invincible_0
3819,shivam274
3820,infinity_star
3821,faraday_vij
3822,cyberewok
3823,brijesh1in
3824,cnik
3825,yashjain4411
3826,aabhas_gupta
3827,anandkw
3828,hinoka
3829,withoutpower
3830,sumitskj
3831,ram_jamuria
3832,harsha_1_2
3833,shreeshiv
3834,fierro_oxidado
3835,atulbi
3836,zeus95
3837,karthik21996
3838,snehgupta42
3839,code_master5
3840,limyude
3841,iancastro
3842,amit_kumar_jha
3843,mbalunovic
3844,shivamvijay15
3845,dipta007
3846,rks_9
3847,eightnoteight
3848,i_coder
3849,bayram
3850,king009ashish
3851,nlather
3852,under_cover456
3853,shikher25
3854,hshokeen
3855,kassu123
3856,predator98
3857,gevacrt
3858,perveevm
3859,soumyadeep_21
3860,golikovnik
3861,grandesonnerie
3862,icesaver
3863,i_m_abhijit
3864,shivams_01
3865,tushar_amrit06
3866,sumit141
3867,pikaynu
3868,XaCaHaa
3869,mihai22e
3870,unrealsoul007
3871,manuchandel
3872,shivammadeshia
3873,swetanjal
3874,hetshah1998
3875,fenil_25
3876,pcngu
3877,mastersabh
3878,noxious_av
3879,vijju123
3880,minki_1616
3881,ng1997
3882,schleppel
3883,bvdung
3884,dragonsan17
3885,in_sane19
3886,ilias_pap
3887,kapil255075
3888,aabhas99
3889,sharma235
3890,sauravray2587
3891,asvikr
3892,psyduck
3893,code_zilla
3894,srd091
3895,liv_curious
3896,innocentboy
3897,shubham011
3898,pranav0123
3899,clogn
3900,leo10
3901,cis_pie
3902,tk_hacked
3903,jisancse
3904,raj1307
3905,azmuth523
3906,navjotdadwal
3907,zenkai24
3908,arcane810
3909,manishsharma__
3910,mohan18
3911,robin_199
3912,kaushal_jalan
3913,ac27032001
3914,mst_saiteja
3915,lolboyyyy
3916,sreekar_vss
3917,keshavkr
3918,pulkit_0110
3919,udit19
3920,sandeshjain13
3921,dark_levi
3922,cf_expert
3923,na_ho_payega
3924,ayaank
3925,ankit_kr_patel
3926,alcatraz24
3927,c0der_ace
3928,ohm123
3929,nmg322
3930,real_rpg
3931,abhshksince97
3932,mayukh45
3933,anuvind
3934,kdark884
3935,nonushikhar
3936,yacoder
3937,ambarpal
3938,petrpan
3939,basant_1994
3940,rohit1gupta3_6
3941,Romka
3942,zhuhuangjian
3943,coolinging
3944,ay2306
3945,naman_123
3946,sid9812
3947,kaustov_584
3948,soumy_jain
3949,ashay_2007
3950,ayushkumar6
3951,manish_here
3952,rahulsrahul
3953,legend_is_born
3954,devadon2020
3955,abhinav2302
3956,creepy_san
3957,shrey971
3958,summerbrander
3959,geras
3960,anshu271
3961,hakr2104
3962,not_noob
3963,anime_for_life
3964,zakir_ahmed
3965,mkcs
3966,amandeep_21
3967,ayan123445
3968,sabirali2560
3969,nj099
3970,nik910
3971,dwoolley3
3972,saanc
3973,nicesantosh
3974,ngocjr7
3975,ragwave77
3976,chinmay_sd
3977,san1997
3978,anand_1997
3979,al2k
3980,nourelrashidy
3981,zubec
3982,s_da_sailor
3983,rock19
3984,kaneki13
3985,rajakgp
3986,kushagra98
3987,greedymind
3988,abhijeet010304
3989,bhu_800
3990,niket_301
3991,tonyli00000
3992,mindjolt
3993,fadhilmusaad
3994,devious_minds
3995,vkjha1010
3996,mishraanoopam
3997,onfire7777
3998,mickey321
3999,jlewis200
